{
  "classification_report": {
    "0": {
      "precision": 1.0,
      "recall": 1.0,
      "f1-score": 1.0,
      "support": 11.0
    },
    "1": {
      "precision": 0.9,
      "recall": 0.9,
      "f1-score": 0.9,
      "support": 10.0
    },
    "2": {
      "precision": 0.8888888888888888,
      "recall": 0.8888888888888888,
      "f1-score": 0.8888888888888888,
      "support": 9.0
    },
    "accuracy": 0.9333333333333333,
    "macro avg": {
      "precision": 0.9296296296296296,
      "recall": 0.9296296296296296,
      "f1-score": 0.9296296296296296,
      "support": 30.0
    },
    "weighted avg": {
      "precision": 0.9333333333333333,
      "recall": 0.9333333333333333,
      "f1-score": 0.9333333333333333,
      "support": 30.0
    }
  },
  "confusion_matrix": [
    [
      11,
      0,
      0
    ],
    [
      0,
      9,
      1
    ],
    [
      0,
      1,
      8
    ]
  ]
}